account_id,customer_id,product_code,opened_date,status,balance,updated_at
1000,1,CHK-BASIC,2025-10-18,OPEN,15759.62,2025-10-18 09:00:19
1001,2,CHK-PLUS,2024-11-05,OPEN,4088.98,2024-11-05 09:45:57
1002,2,LN-AUTO,2024-11-05,OPEN,21313.14,2024-11-05 09:45:57
1003,3,LN-AUTO,2025-10-26,OPEN,11098.96,2025-10-26 09:16:17
1004,3,LN-AUTO,2025-10-26,OPEN,8021.82,2025-10-26 09:16:17
1005,4,LN-AUTO,2024-11-19,OPEN,7220.73,2024-11-19 09:52:54
1006,5,CHK-PLUS,2024-12-06,OPEN,50.63,2024-12-06 09:39:34
1007,6,LN-AUTO,2024-02-10,OPEN,4492.44,2024-02-10 09:55:43
1008,7,CHK-BASIC,2023-12-23,OPEN,2811.86,2023-12-23 09:11:41
1009,8,SAV-STD,2024-05-21,OPEN,22432.88,2024-05-21 09:21:42
1010,8,CHK-BASIC,2024-05-21,OPEN,8036.07,2024-05-21 09:21:42
1011,9,CHK-BASIC,2024-08-23,OPEN,24344.95,2024-08-23 09:48:03
1012,9,LN-HOME,2024-08-23,OPEN,11344.13,2024-08-23 09:48:03
1013,10,LN-HOME,2023-08-28,OPEN,6960.58,2023-08-28 09:43:27
1014,11,CHK-PLUS,2024-10-09,OPEN,2977.35,2024-10-09 09:46:21
1015,12,LN-AUTO,2025-10-18,OPEN,8018.21,2025-10-18 09:43:21
1016,13,CHK-PLUS,2024-01-17,OPEN,15308.39,2024-01-17 09:08:21
1017,14,LN-HOME,2024-10-29,OPEN,84.94,2024-10-29 09:55:47
1018,14,LN-HOME,2024-10-29,OPEN,5221.35,2024-10-29 09:55:47
1019,15,CHK-PLUS,2024-04-04,OPEN,19637.69,2024-04-04 09:25:34
1020,16,LN-HOME,2024-12-21,OPEN,1718.82,2024-12-21 09:18:32
1021,17,SAV-HY,2025-06-25,OPEN,17043.28,2025-06-25 09:43:32
1022,18,LN-AUTO,2024-07-25,OPEN,8210.52,2024-07-25 09:29:47
1023,18,LN-AUTO,2024-07-25,OPEN,8182.68,2024-07-25 09:29:47
1024,19,CHK-BASIC,2025-08-19,OPEN,17605.24,2025-08-19 09:36:31
1025,19,CHK-PLUS,2025-08-19,OPEN,10264.77,2025-08-19 09:36:31
1026,20,LN-AUTO,2025-01-24,OPEN,14957.91,2025-01-24 09:59:03
1027,21,LN-HOME,2024-04-26,OPEN,16537.40,2024-04-26 09:09:54
1028,21,LN-HOME,2024-04-26,OPEN,19893.17,2024-04-26 09:09:54
1029,22,SAV-HY,2025-04-25,OPEN,654.91,2025-04-25 09:12:41
1030,23,CHK-BASIC,2023-08-04,OPEN,12489.56,2023-08-04 09:36:20
1031,23,SAV-HY,2023-08-04,OPEN,10441.14,2023-08-04 09:36:20
1032,24,CHK-BASIC,2023-10-15,OPEN,4420.76,2023-10-15 09:14:19
1033,24,LN-HOME,2023-10-15,OPEN,21717.10,2023-10-15 09:14:19
1034,25,LN-HOME,2023-11-06,OPEN,13141.09,2023-11-06 09:18:01
1035,26,LN-AUTO,2024-09-27,OPEN,8857.64,2024-09-27 09:26:48
1036,27,LN-AUTO,2023-10-15,OPEN,17301.63,2023-10-15 09:27:02
1037,28,LN-AUTO,2025-02-09,OPEN,10490.21,2025-02-09 09:43:02
1038,29,SAV-HY,2024-12-06,OPEN,564.01,2024-12-06 09:36:57
1039,30,CHK-PLUS,2023-08-14,OPEN,1632.35,2023-08-14 09:03:16
1040,30,SAV-HY,2023-08-14,OPEN,5383.52,2023-08-14 09:03:16
1041,31,LN-HOME,2024-09-18,OPEN,19988.09,2024-09-18 09:04:15
1042,32,LN-HOME,2023-08-15,OPEN,19953.13,2023-08-15 09:19:46
1043,32,CHK-BASIC,2023-08-15,OPEN,9158.65,2023-08-15 09:19:46
1044,33,CHK-BASIC,2023-08-04,OPEN,4932.96,2023-08-04 09:36:12
1045,34,CHK-PLUS,2024-01-15,OPEN,9360.64,2024-01-15 09:05:51
1046,35,SAV-STD,2025-10-20,OPEN,23515.42,2025-10-20 09:11:33
1047,35,LN-AUTO,2025-10-20,OPEN,6521.13,2025-10-20 09:11:33
1048,36,LN-AUTO,2025-02-16,OPEN,11584.07,2025-02-16 09:50:37
1049,36,SAV-STD,2025-02-16,OPEN,1632.79,2025-02-16 09:50:37
1050,37,LN-HOME,2024-09-24,OPEN,22375.94,2024-09-24 09:19:13
1051,38,CHK-PLUS,2025-11-27,OPEN,18734.12,2025-11-27 09:07:44
1052,38,CHK-PLUS,2025-11-27,OPEN,17229.55,2025-11-27 09:07:44
1053,39,LN-HOME,2024-05-26,OPEN,20786.88,2024-05-26 09:44:22
1054,40,SAV-STD,2024-04-09,OPEN,15200.57,2024-04-09 09:16:48
1055,41,SAV-STD,2024-01-07,OPEN,8102.67,2024-01-07 09:14:28
1056,42,CHK-PLUS,2023-09-04,OPEN,2952.76,2023-09-04 09:53:32
1057,42,CHK-PLUS,2023-09-04,OPEN,14656.51,2023-09-04 09:53:32
1058,43,LN-HOME,2024-12-20,OPEN,10760.37,2024-12-20 09:05:22
1059,44,LN-HOME,2024-08-07,OPEN,17632.28,2024-08-07 09:57:08
1060,44,CHK-BASIC,2024-08-07,OPEN,3411.57,2024-08-07 09:57:08
1061,45,LN-AUTO,2025-09-06,OPEN,3857.43,2025-09-06 09:06:38
1062,46,SAV-HY,2023-08-02,OPEN,9858.94,2023-08-02 09:13:07
1063,46,LN-AUTO,2023-08-02,OPEN,14895.65,2023-08-02 09:13:07
1064,47,SAV-HY,2024-03-09,OPEN,1531.18,2024-03-09 09:01:59
1065,48,CHK-PLUS,2025-03-18,OPEN,13181.96,2025-03-18 09:45:23
1066,49,CHK-BASIC,2023-11-03,OPEN,13476.97,2023-11-03 09:28:01
1067,50,LN-HOME,2025-05-07,OPEN,3328.69,2025-05-07 09:37:58
1068,51,CHK-PLUS,2024-07-14,OPEN,12885.23,2024-07-14 09:39:12
1069,51,LN-AUTO,2024-07-14,OPEN,5550.39,2024-07-14 09:39:12
1070,52,CHK-BASIC,2024-06-20,OPEN,19948.61,2024-06-20 09:15:49
1071,52,LN-AUTO,2024-06-20,OPEN,20172.63,2024-06-20 09:15:49
1072,53,LN-HOME,2024-11-20,OPEN,21810.22,2024-11-20 09:09:10
1073,54,LN-AUTO,2024-08-01,OPEN,14305.33,2024-08-01 09:52:45
1074,54,SAV-HY,2024-08-01,OPEN,23468.47,2024-08-01 09:52:45
1075,55,CHK-PLUS,2025-02-11,OPEN,555.36,2025-02-11 09:06:52
1076,55,LN-AUTO,2025-02-11,OPEN,21025.20,2025-02-11 09:06:52
1077,56,CHK-PLUS,2025-08-08,OPEN,6610.26,2025-08-08 09:16:56
1078,57,SAV-HY,2025-10-03,OPEN,15948.82,2025-10-03 09:20:57
1079,57,CHK-BASIC,2025-10-03,OPEN,13689.08,2025-10-03 09:20:57
1080,58,LN-HOME,2024-01-30,OPEN,382.33,2024-01-30 09:26:20
1081,59,SAV-STD,2023-12-24,OPEN,791.63,2023-12-24 09:31:59
1082,60,SAV-STD,2023-12-10,OPEN,22064.69,2023-12-10 09:41:56
