customer_id,first_name,last_name,email,branch_id,status,created_at,updated_at
69,Tara,Fischer,tara.fischer69@example.test,1,ACTIVE,2026-01-04 08:43:51,2026-01-04 08:43:51
70,Hector,Walker,hector.walker70@example.test,1,ACTIVE,2026-01-04 08:16:58,2026-01-04 08:16:58
71,Carla,Fischer,carla.fischer71@example.test,4,ACTIVE,2026-01-04 08:51:58,2026-01-04 08:51:58
72,Victor,Thorne,victor.thorne72@example.test,2,ACTIVE,2026-01-04 08:22:56,2026-01-04 08:22:56
73,Tara,Sorensen,tara.sorensen73@example.test,6,ACTIVE,2026-01-04 08:22:31,2026-01-04 08:22:31
40,Marco,Dahl,marco.dahl40.day3@example.test,8,ACTIVE,2024-04-09 09:16:48,2026-01-04 09:03:35
13,Carla,Gomez,carla.gomez13.day3@example.test,5,ACTIVE,2024-01-17 09:08:21,2026-01-04 07:09:35
68,Ines,Moreau,ines.moreau68.day3@example.test,2,ACTIVE,2026-01-03 08:00:50,2026-01-04 09:04:35
10,Aiyana,Zimmer,aiyana.zimmer10.day3@example.test,1,ACTIVE,2023-08-28 09:43:27,2026-01-04 08:54:35
