txn_id,account_id,txn_ts,amount,txn_type,channel
151,1074,2026-01-03 13:22:24,-607.18,PAYMENT,BRANCH
152,1026,2026-01-03 17:07:46,-12.39,FEE,ATM
153,1083,2026-01-03 16:10:26,-417.08,PAYMENT,BRANCH
154,1092,2026-01-03 11:24:01,-29.96,FEE,MOBILE
155,1080,2026-01-03 09:18:11,-1227.04,PAYMENT,BRANCH
156,1056,2026-01-03 16:14:44,-957.53,PAYMENT,MOBILE
157,1075,2026-01-03 16:08:18,-32.54,FEE,BRANCH
158,1012,2026-01-03 13:18:22,-28.95,FEE,BRANCH
159,1077,2026-01-03 08:35:24,-94.55,WITHDRAWAL,MOBILE
160,1084,2026-01-03 16:16:30,-1316.94,WITHDRAWAL,ATM
161,1044,2026-01-03 17:48:15,-32.72,FEE,ONLINE
162,1089,2026-01-03 13:05:34,-2.64,FEE,ATM
163,1019,2026-01-03 18:00:59,-13.25,FEE,ONLINE
164,1013,2026-01-03 08:54:43,1177.31,DEPOSIT,MOBILE
165,1058,2026-01-03 11:30:35,354.95,DEPOSIT,BRANCH
166,1039,2026-01-03 09:54:30,-875.05,PAYMENT,MOBILE
167,1028,2026-01-03 14:51:47,194.46,DEPOSIT,ATM
168,1017,2026-01-03 13:01:17,-15.43,FEE,MOBILE
169,1084,2026-01-03 12:17:38,-279.98,PAYMENT,ACH
170,1040,2026-01-03 20:42:07,-1375.38,WITHDRAWAL,MOBILE
171,1070,2026-01-03 14:33:34,-26.34,FEE,ACH
172,1090,2026-01-03 16:43:56,-1051.44,WITHDRAWAL,BRANCH
173,1040,2026-01-03 09:56:38,515.78,DEPOSIT,BRANCH
174,1061,2026-01-03 12:35:44,-1176.14,PAYMENT,ONLINE
175,1058,2026-01-03 13:36:52,-8.37,WITHDRAWAL,ATM
176,1083,2026-01-03 13:46:55,-1101.81,PAYMENT,ONLINE
177,1071,2026-01-03 13:29:19,-11.28,FEE,BRANCH
178,1045,2026-01-03 16:56:46,1289.33,DEPOSIT,ACH
179,1011,2026-01-03 16:06:20,-22.37,FEE,ACH
180,1008,2026-01-03 18:34:46,-1099.99,PAYMENT,ACH
181,1038,2026-01-03 10:53:00,-810.41,PAYMENT,MOBILE
182,1043,2026-01-03 11:54:10,-6.22,FEE,ATM
183,1050,2026-01-03 07:57:49,-394.29,PAYMENT,BRANCH
184,1041,2026-01-03 12:23:12,-1020.01,PAYMENT,MOBILE
185,1043,2026-01-03 11:51:02,-8.49,FEE,BRANCH
186,1007,2026-01-03 20:08:44,779.92,DEPOSIT,ATM
187,1019,2026-01-03 20:35:58,512.23,DEPOSIT,ONLINE
188,1043,2026-01-03 09:08:29,-22.29,FEE,BRANCH
189,1038,2026-01-03 13:01:59,-1352.60,PAYMENT,ATM
190,1023,2026-01-03 20:59:22,-728.16,PAYMENT,BRANCH
191,1002,2026-01-03 11:34:08,-446.17,PAYMENT,ATM
192,1067,2026-01-03 15:40:17,-438.48,PAYMENT,BRANCH
193,1045,2026-01-03 15:20:42,-33.12,FEE,ATM
194,1082,2026-01-03 14:34:11,-11.39,FEE,ACH
195,1074,2026-01-03 16:08:09,-708.84,PAYMENT,ATM
196,1025,2026-01-03 11:31:52,-14.20,FEE,ONLINE
197,1046,2026-01-03 12:51:21,-7.36,FEE,ATM
198,1071,2026-01-03 08:47:39,-912.94,WITHDRAWAL,ACH
199,1046,2026-01-03 17:49:41,-1453.51,WITHDRAWAL,ATM
200,1003,2026-01-03 09:57:08,-18.42,FEE,BRANCH
201,1021,2026-01-03 13:33:00,-19.50,FEE,BRANCH
202,1016,2026-01-03 12:37:08,-17.16,FEE,ATM
203,1046,2026-01-03 12:16:39,-17.01,FEE,ACH
204,1088,2026-01-03 14:10:43,-10.69,FEE,MOBILE
205,1019,2026-01-03 20:17:27,944.48,DEPOSIT,BRANCH
206,1058,2026-01-03 14:53:51,939.01,DEPOSIT,BRANCH
207,1049,2026-01-03 15:00:30,-284.66,WITHDRAWAL,ONLINE
208,1003,2026-01-03 12:07:55,-27.43,FEE,ACH
209,1065,2026-01-03 08:41:09,-692.02,WITHDRAWAL,MOBILE
210,1020,2026-01-03 07:07:22,-5.52,FEE,MOBILE
211,1072,2026-01-03 07:12:41,-68.76,PAYMENT,ONLINE
212,1062,2026-01-03 12:35:12,-1305.36,PAYMENT,BRANCH
213,1008,2026-01-03 08:31:39,1391.40,DEPOSIT,BRANCH
214,1030,2026-01-03 15:26:21,-9.36,FEE,ATM
215,1009,2026-01-03 14:58:34,-254.45,WITHDRAWAL,ATM
216,1031,2026-01-03 17:14:18,-16.24,FEE,ACH
217,1060,2026-01-03 08:49:23,-17.13,WITHDRAWAL,ATM
218,1016,2026-01-03 20:43:13,-1448.10,PAYMENT,ONLINE
219,1091,2026-01-03 07:33:48,291.15,DEPOSIT,ONLINE
220,1018,2026-01-03 15:00:30,-862.63,PAYMENT,BRANCH
221,1045,2026-01-03 20:05:44,1200.73,DEPOSIT,MOBILE
222,1092,2026-01-03 13:17:59,-681.28,PAYMENT,ONLINE
223,1023,2026-01-03 11:27:31,-852.53,PAYMENT,ACH
224,1048,2026-01-03 13:53:21,1104.84,DEPOSIT,BRANCH
225,1047,2026-01-03 20:03:48,-8.68,FEE,BRANCH
226,1026,2026-01-03 13:54:31,-55.72,PAYMENT,ONLINE
227,1062,2026-01-03 16:40:23,-210.32,PAYMENT,ATM
228,1072,2026-01-03 13:12:35,-643.67,WITHDRAWAL,ACH
229,1054,2026-01-03 08:17:51,-33.43,FEE,ONLINE
230,1052,2026-01-03 15:03:26,-31.01,FEE,ACH
231,1066,2026-01-03 15:03:42,-8.17,FEE,ACH
232,1010,2026-01-03 10:20:36,-16.69,FEE,ACH
233,1010,2026-01-03 07:53:52,-601.57,WITHDRAWAL,ONLINE
234,1000,2026-01-03 16:29:50,-906.28,WITHDRAWAL,MOBILE
235,1044,2026-01-03 18:10:45,-823.92,WITHDRAWAL,BRANCH
236,1077,2026-01-03 07:17:44,-407.99,PAYMENT,MOBILE
237,1014,2026-01-03 15:30:41,-883.57,WITHDRAWAL,ATM
238,1027,2026-01-03 11:27:27,-26.13,FEE,MOBILE
239,1001,2026-01-03 14:32:50,1334.87,DEPOSIT,ONLINE
240,1077,2026-01-03 07:01:48,455.47,DEPOSIT,ATM
